[
  {
    "name": "Ben Chonzie",
    "height": 931,
    "gridReference": "NN773308",
    "category": "MUNRO"
  },
  {
    "name": "Ben Vorlich",
    "height": 985,
    "gridReference": "NN629189",
    "category": "MUNRO"
  },
  {
    "name": "Stuc a' Chroin",
    "height": 975,
    "gridReference": "NN617174",
    "category": "MUNRO"
  },
  {
    "name": "Ben Lomond",
    "height": 974,
    "gridReference": "NN367028",
    "category": "MUNRO"
  },
  {
    "name": "Ben More",
    "height": 1174,
    "gridReference": "NN432244",
    "category": "MUNRO"
  },
  {
    "name": "Stob Binnein",
    "height": 1165,
    "gridReference": "NN434227",
    "category": "MUNRO"
  },
  {
    "name": "Stob Binnein - Stob Coire an Lochain",
    "height": 1068,
    "gridReference": "NN438220",
    "category": "TOP"
  },
  {
    "name": "Stob Binnein - Meall na Dige",
    "height": 966,
    "gridReference": "NN450225",
    "category": "TOP"
  },
  {
    "name": "Cruach Ardrain",
    "height": 1045.9,
    "gridReference": "NN409212",
    "category": "MUNRO"
  },
  {
    "name": "Cruach Ardrain - Stob Garbh",
    "height": 957.7,
    "gridReference": "NN411221",
    "category": "TOP"
  },
  {
    "name": "An Caisteal",
    "height": 995.8,
    "gridReference": "NN378193",
    "category": "MUNRO"
  },
  {
    "name": "Beinn Tulaichean",
    "height": 945.8,
    "gridReference": "NN416196",
    "category": "MUNRO"
  },
  {
    "name": "Beinn a' Chroin",
    "height": 941.4,
    "gridReference": "NN387185",
    "category": "MUNRO"
  },
  {
    "name": "Beinn a' Chroin East Top [Beinn a' Chroin]",
    "height": 940.1,
    "gridReference": "NN393185",
    "category": "TOP"
  },
  {
    "name": "Beinn a' Chroin West Top",
    "height": 938,
    "gridReference": "NN385185",
    "category": "TOP"
  },
  {
    "name": "Beinn Chabhair",
    "height": 932.1,
    "gridReference": "NN367179",
    "category": "MUNRO"
  },
  {
    "name": "Ben Lui [Beinn Laoigh]",
    "height": 1130,
    "gridReference": "NN266262",
    "category": "MUNRO"
  },
  {
    "name": "Ben Oss",
    "height": 1029,
    "gridReference": "NN287253",
    "category": "MUNRO"
  },
  {
    "name": "Beinn Dubhchraig",
    "height": 978,
    "gridReference": "NN307254",
    "category": "MUNRO"
  },
  {
    "name": "Beinn a' Chleibh",
    "height": 916.3,
    "gridReference": "NN250256",
    "category": "MUNRO"
  },
  {
    "name": "Ben Vorlich",
    "height": 943,
    "gridReference": "NN295124",
    "category": "MUNRO"
  },
  {
    "name": "Ben Vorlich North Top",
    "height": 931,
    "gridReference": "NN294130",
    "category": "TOP"
  },
  {
    "name": "Beinn Ime",
    "height": 1011,
    "gridReference": "NN254084",
    "category": "MUNRO"
  },
  {
    "name": "Ben Vane",
    "height": 915.76,
    "gridReference": "NN277098",
    "category": "MUNRO"
  },
  {
    "name": "Beinn Narnain",
    "height": 927,
    "gridReference": "NN271066",
    "category": "MUNRO"
  },
  {
    "name": "Beinn Bhuidhe",
    "height": 948.5,
    "gridReference": "NN203187",
    "category": "MUNRO"
  },
  {
    "name": "Schiehallion",
    "height": 1083,
    "gridReference": "NN713547",
    "category": "MUNRO"
  },
  {
    "name": "Carn Mairg",
    "height": 1042,
    "gridReference": "NN684512",
    "category": "MUNRO"
  },
  {
    "name": "Carn Mairg - Meall Liath",
    "height": 1012,
    "gridReference": "NN692512",
    "category": "TOP"
  },
  {
    "name": "Carn Mairg - Meall a' Bharr",
    "height": 1004,
    "gridReference": "NN668515",
    "category": "TOP"
  },
  {
    "name": "Carn Gorm",
    "height": 1029,
    "gridReference": "NN635500",
    "category": "MUNRO"
  },
  {
    "name": "Meall Garbh",
    "height": 968,
    "gridReference": "NN647516",
    "category": "MUNRO"
  },
  {
    "name": "Carn Gorm - An Sgorr",
    "height": 924,
    "gridReference": "NN640509",
    "category": "TOP"
  },
  {
    "name": "Meall na Aighean",
    "height": 981,
    "gridReference": "NN694496",
    "category": "MUNRO"
  },
  {
    "name": "Stuchd an Lochain [Stuc an Lochain]",
    "height": 960,
    "gridReference": "NN483448",
    "category": "MUNRO"
  },
  {
    "name": "Stuchd an Lochain - Sron Chona Choirein",
    "height": 927,
    "gridReference": "NN493445",
    "category": "TOP"
  },
  {
    "name": "Meall Buidhe",
    "height": 932.1,
    "gridReference": "NN498499",
    "category": "MUNRO"
  },
  {
    "name": "Beinn Dorain",
    "height": 1076,
    "gridReference": "NN325378",
    "category": "MUNRO"
  },
  {
    "name": "Beinn an Dothaidh",
    "height": 1004,
    "gridReference": "NN331408",
    "category": "MUNRO"
  },
  {
    "name": "Beinn Achaladair",
    "height": 1038.5,
    "gridReference": "NN344432",
    "category": "MUNRO"
  },
  {
    "name": "Beinn Achaladair South Top",
    "height": 1003.6,
    "gridReference": "NN342420",
    "category": "TOP"
  },
  {
    "name": "Beinn a' Chreachain",
    "height": 1080.6,
    "gridReference": "NN373440",
    "category": "MUNRO"
  },
  {
    "name": "Beinn a' Chreachain - Meall Buidhe",
    "height": 977.1,
    "gridReference": "NN359438",
    "category": "TOP"
  },
  {
    "name": "Beinn Mhanach",
    "height": 953,
    "gridReference": "NN373411",
    "category": "MUNRO"
  },
  {
    "name": "Beinn Mhanach - Beinn a' Chuirn",
    "height": 923,
    "gridReference": "NN359409",
    "category": "TOP"
  },
  {
    "name": "Ben Lawers",
    "height": 1214,
    "gridReference": "NN635414",
    "category": "MUNRO"
  },
  {
    "name": "An Stuc",
    "height": 1117.1,
    "gridReference": "NN638431",
    "category": "MUNRO"
  },
  {
    "name": "Ben Lawers - Creag an Fhithich",
    "height": 1047,
    "gridReference": "NN635422",
    "category": "TOP"
  },
  {
    "name": "Meall Garbh",
    "height": 1123.1,
    "gridReference": "NN644437",
    "category": "MUNRO"
  },
  {
    "name": "Meall Greigh",
    "height": 1001,
    "gridReference": "NN674438",
    "category": "MUNRO"
  },
  {
    "name": "Beinn Ghlas",
    "height": 1103,
    "gridReference": "NN625404",
    "category": "MUNRO"
  },
  {
    "name": "Meall Corranaich",
    "height": 1069,
    "gridReference": "NN615410",
    "category": "MUNRO"
  },
  {
    "name": "Meall a' Choire Leith",
    "height": 925.6,
    "gridReference": "NN612438",
    "category": "MUNRO"
  },
  {
    "name": "Meall nan Tarmachan",
    "height": 1043.5,
    "gridReference": "NN585389",
    "category": "MUNRO"
  },
  {
    "name": "Meall nan Tarmachan - Meall Garbh",
    "height": 1026.7,
    "gridReference": "NN578383",
    "category": "TOP"
  },
  {
    "name": "Meall nan Tarmachan - Beinn nan Eachan",
    "height": 1000.1,
    "gridReference": "NN570383",
    "category": "TOP"
  },
  {
    "name": "Meall nan Tarmachan SE Top [Meall nan Tarmachan South Top]",
    "height": 921.5,
    "gridReference": "NN589385",
    "category": "TOP"
  },
  {
    "name": "Meall Ghaordaidh",
    "height": 1039.8,
    "gridReference": "NN514397",
    "category": "MUNRO"
  },
  {
    "name": "Beinn Sheasgarnaich [Beinn Heasgarnich]",
    "height": 1077.4,
    "gridReference": "NN413383",
    "category": "MUNRO"
  },
  {
    "name": "Creag Mhor",
    "height": 1047,
    "gridReference": "NN391361",
    "category": "MUNRO"
  },
  {
    "name": "Creag Mhor - Stob nan Clach",
    "height": 956,
    "gridReference": "NN387351",
    "category": "TOP"
  },
  {
    "name": "Ben Challum [Beinn Challuim]",
    "height": 1025,
    "gridReference": "NN386322",
    "category": "MUNRO"
  },
  {
    "name": "Ben Challum South Top [Beinn Challuim South Top]",
    "height": 998,
    "gridReference": "NN386315",
    "category": "TOP"
  },
  {
    "name": "Meall Glas",
    "height": 959,
    "gridReference": "NN431321",
    "category": "MUNRO"
  },
  {
    "name": "Meall Glas - Beinn Cheathaich",
    "height": 937,
    "gridReference": "NN444326",
    "category": "TOP"
  },
  {
    "name": "Sgiath Chuil",
    "height": 920,
    "gridReference": "NN462317",
    "category": "MUNRO"
  },
  {
    "name": "Sgiath Chuil - Meall a' Churain",
    "height": 917.2,
    "gridReference": "NN462324",
    "category": "TOP"
  },
  {
    "name": "Aonach Eagach - Sgorr nam Fiannaidh",
    "height": 967.7,
    "gridReference": "NN140583",
    "category": "MUNRO"
  },
  {
    "name": "Aonach Eagach - Stob Coire Leith",
    "height": 939.4,
    "gridReference": "NN149584",
    "category": "TOP"
  },
  {
    "name": "Aonach Eagach - Meall Dearg",
    "height": 952.2,
    "gridReference": "NN161583",
    "category": "MUNRO"
  },
  {
    "name": "Meall Dearg - Am Bodach",
    "height": 941.8,
    "gridReference": "NN168580",
    "category": "TOP"
  },
  {
    "name": "Buachaille Etive Mor - Stob Dearg",
    "height": 1021.4,
    "gridReference": "NN222542",
    "category": "MUNRO"
  },
  {
    "name": "Buachaille Etive Mor - Stob na Doire",
    "height": 1010.4,
    "gridReference": "NN207532",
    "category": "TOP"
  },
  {
    "name": "Buachaille Etive Mor - Stob na Broige",
    "height": 953.4,
    "gridReference": "NN190525",
    "category": "MUNRO"
  },
  {
    "name": "Buachaille Etive Mor - Stob Coire Altruim",
    "height": 938.7,
    "gridReference": "NN197530",
    "category": "TOP"
  },
  {
    "name": "Buachaille Etive Beag - Stob Dubh",
    "height": 958,
    "gridReference": "NN179535",
    "category": "MUNRO"
  },
  {
    "name": "Buachaille Etive Beag - Stob Coire Raineach",
    "height": 925,
    "gridReference": "NN191548",
    "category": "MUNRO"
  },
  {
    "name": "Bidean nam Bian",
    "height": 1149.4,
    "gridReference": "NN143542",
    "category": "MUNRO"
  },
  {
    "name": "Bidean nam Bian - Stob Coire nan Lochan",
    "height": 1115.5,
    "gridReference": "NN148548",
    "category": "TOP"
  },
  {
    "name": "Bidean nam Bian - Stob Coire nam Beith",
    "height": 1106.8,
    "gridReference": "NN138546",
    "category": "TOP"
  },
  {
    "name": "Stob Coire Sgreamhach",
    "height": 1072,
    "gridReference": "NN154536",
    "category": "MUNRO"
  },
  {
    "name": "Stob Coire Sgreamhach - Beinn Fhada [Stob Coire Sgreamhach East Top]",
    "height": 952,
    "gridReference": "NN159540",
    "category": "TOP"
  },
  {
    "name": "Stob Coire Sgreamhach - Beinn Fhada NE Top [Beinn Fhada]",
    "height": 931,
    "gridReference": "NN164543",
    "category": "TOP"
  },
  {
    "name": "Beinn a' Bheithir - Sgorr Dhearg",
    "height": 1024,
    "gridReference": "NN056558",
    "category": "MUNRO"
  },
  {
    "name": "Beinn a' Bheithir - Sgorr Dhonuill",
    "height": 1001,
    "gridReference": "NN040555",
    "category": "MUNRO"
  },
  {
    "name": "Beinn a' Bheithir - Sgorr Bhan",
    "height": 947,
    "gridReference": "NN062560",
    "category": "TOP"
  },
  {
    "name": "Sgor na h-Ulaidh",
    "height": 994,
    "gridReference": "NN111517",
    "category": "MUNRO"
  },
  {
    "name": "Sgor na h-Ulaidh - Stob an Fhuarain",
    "height": 968,
    "gridReference": "NN118523",
    "category": "TOP"
  },
  {
    "name": "Beinn Fhionnlaidh",
    "height": 959,
    "gridReference": "NN095497",
    "category": "MUNRO"
  },
  {
    "name": "Beinn Sgulaird",
    "height": 937,
    "gridReference": "NN053460",
    "category": "MUNRO"
  },
  {
    "name": "Ben Cruachan",
    "height": 1127,
    "gridReference": "NN069304",
    "category": "MUNRO"
  },
  {
    "name": "Ben Cruachan - Stob Dearg [Taynuilt Peak]",
    "height": 1103.1,
    "gridReference": "NN062307",
    "category": "TOP"
  },
  {
    "name": "Ben Cruachan - Drochaid Ghlas",
    "height": 1024.3,
    "gridReference": "NN083307",
    "category": "TOP"
  },
  {
    "name": "Ben Cruachan - Meall Cuanail",
    "height": 920.2,
    "gridReference": "NN069295",
    "category": "TOP"
  },
  {
    "name": "Stob Daimh [Stob Diamh]",
    "height": 999.2,
    "gridReference": "NN094308",
    "category": "MUNRO"
  },
  {
    "name": "Stob Diamh - Stob Garbh",
    "height": 981.7,
    "gridReference": "NN095302",
    "category": "TOP"
  },
  {
    "name": "Stob Diamh - Sron An Isean",
    "height": 966.6,
    "gridReference": "NN099311",
    "category": "TOP"
  },
  {
    "name": "Beinn Eunaich",
    "height": 989,
    "gridReference": "NN135327",
    "category": "MUNRO"
  },
  {
    "name": "Beinn a' Chochuill",
    "height": 980,
    "gridReference": "NN109328",
    "category": "MUNRO"
  },
  {
    "name": "Beinn nan Aighenan",
    "height": 960,
    "gridReference": "NN148405",
    "category": "MUNRO"
  },
  {
    "name": "Ben Starav",
    "height": 1078,
    "gridReference": "NN125427",
    "category": "MUNRO"
  },
  {
    "name": "Ben Starav - Stob Coire Dheirg",
    "height": 1028,
    "gridReference": "NN131426",
    "category": "TOP"
  },
  {
    "name": "Ben Starav - Meall Cruidh",
    "height": 930,
    "gridReference": "NN129415",
    "category": "TOP"
  },
  {
    "name": "Ben Starav - Stob an Duine Ruaidh",
    "height": 918,
    "gridReference": "NN124409",
    "category": "TOP"
  },
  {
    "name": "Glas Bheinn Mhor",
    "height": 997,
    "gridReference": "NN153429",
    "category": "MUNRO"
  },
  {
    "name": "Stob Coir' an Albannaich",
    "height": 1044,
    "gridReference": "NN169443",
    "category": "MUNRO"
  },
  {
    "name": "Meall nan Eun",
    "height": 928,
    "gridReference": "NN192449",
    "category": "MUNRO"
  },
  {
    "name": "Stob Ghabhar",
    "height": 1090,
    "gridReference": "NN230455",
    "category": "MUNRO"
  },
  {
    "name": "Stob Ghabhar - Sron a' Ghearrain",
    "height": 990,
    "gridReference": "NN221456",
    "category": "TOP"
  },
  {
    "name": "Stob Ghabhar - Stob a' Bhruaich Leith",
    "height": 941,
    "gridReference": "NN208459",
    "category": "TOP"
  },
  {
    "name": "Stob a' Choire Odhair",
    "height": 945,
    "gridReference": "NN257459",
    "category": "MUNRO"
  },
  {
    "name": "Creise",
    "height": 1099.8,
    "gridReference": "NN238506",
    "category": "MUNRO"
  },
  {
    "name": "Creise - Clach Leathad",
    "height": 1098.9,
    "gridReference": "NN240493",
    "category": "TOP"
  },
  {
    "name": "Creise - Stob a' Ghlais Choire",
    "height": 995.5,
    "gridReference": "NN239516",
    "category": "TOP"
  },
  {
    "name": "Meall a' Bhuiridh",
    "height": 1107.9,
    "gridReference": "NN250503",
    "category": "MUNRO"
  },
  {
    "name": "Ben Nevis",
    "height": 1344.53,
    "gridReference": "NN166712",
    "category": "MUNRO"
  },
  {
    "name": "Ben Nevis - Carn Dearg NW Top (new GR)",
    "height": 1221,
    "gridReference": "NN159719",
    "category": "TOP"
  },
  {
    "name": "Ben Nevis - Carn Dearg SW Top [South Top]",
    "height": 1020,
    "gridReference": "NN155701",
    "category": "TOP"
  },
  {
    "name": "Aonach Beag",
    "height": 1234,
    "gridReference": "NN197715",
    "category": "MUNRO"
  },
  {
    "name": "Aonach Beag - Stob Choire Bhealach",
    "height": 1100,
    "gridReference": "NN201708",
    "category": "TOP"
  },
  {
    "name": "Aonach Beag - Sgurr a' Bhuic",
    "height": 963,
    "gridReference": "NN204701",
    "category": "TOP"
  },
  {
    "name": "Aonach Mor",
    "height": 1221,
    "gridReference": "NN193729",
    "category": "MUNRO"
  },
  {
    "name": "Aonach Mor - Stob an Cul Choire",
    "height": 1068,
    "gridReference": "NN203731",
    "category": "TOP"
  },
  {
    "name": "Aonach Mor - Tom na Sroine",
    "height": 918,
    "gridReference": "NN207745",
    "category": "TOP"
  },
  {
    "name": "Carn Mor Dearg",
    "height": 1220,
    "gridReference": "NN177721",
    "category": "MUNRO"
  },
  {
    "name": "Carn Mor Dearg - Carn Dearg Meadhonach",
    "height": 1179,
    "gridReference": "NN175726",
    "category": "TOP"
  },
  {
    "name": "Sgurr Choinnich Mor",
    "height": 1094,
    "gridReference": "NN227714",
    "category": "MUNRO"
  },
  {
    "name": "Sgurr Choinnich Mor - Sgurr Choinnich Beag",
    "height": 963,
    "gridReference": "NN220710",
    "category": "TOP"
  },
  {
    "name": "Stob Coire an Laoigh",
    "height": 1116,
    "gridReference": "NN239725",
    "category": "MUNRO"
  },
  {
    "name": "Stob Coire an Laoigh - Caisteal",
    "height": 1106,
    "gridReference": "NN246729",
    "category": "TOP"
  },
  {
    "name": "Stob Coire an Laoigh - Stob Coire Easain",
    "height": 1080,
    "gridReference": "NN234727",
    "category": "TOP"
  },
  {
    "name": "Stob Coire an Laoigh - Stob Coire Cath na Sine",
    "height": 1079,
    "gridReference": "NN252730",
    "category": "TOP"
  },
  {
    "name": "Stob Coire an Laoigh - Beinn na Socaich",
    "height": 1007,
    "gridReference": "NN236734",
    "category": "TOP"
  },
  {
    "name": "Stob Choire Claurigh",
    "height": 1177,
    "gridReference": "NN261738",
    "category": "MUNRO"
  },
  {
    "name": "Stob Choire Claurigh - Stob Coire na Ceannain",
    "height": 1123,
    "gridReference": "NN267745",
    "category": "TOP"
  },
  {
    "name": "Stob Choire Claurigh - Stob a' Choire Leith",
    "height": 1105,
    "gridReference": "NN256736",
    "category": "TOP"
  },
  {
    "name": "Stob Choire Claurigh - Stob Coire na Gaibhre",
    "height": 958,
    "gridReference": "NN260757",
    "category": "TOP"
  },
  {
    "name": "Stob Ban",
    "height": 977,
    "gridReference": "NN266723",
    "category": "MUNRO"
  },
  {
    "name": "Stob Coire Easain",
    "height": 1115,
    "gridReference": "NN308730",
    "category": "MUNRO"
  },
  {
    "name": "Stob a' Choire Mheadhoin",
    "height": 1105,
    "gridReference": "NN316736",
    "category": "MUNRO"
  },
  {
    "name": "Sgurr Eilde Mor",
    "height": 1010,
    "gridReference": "NN230657",
    "category": "MUNRO"
  },
  {
    "name": "Binnein Beag",
    "height": 943,
    "gridReference": "NN221677",
    "category": "MUNRO"
  },
  {
    "name": "Binnein Mor",
    "height": 1130,
    "gridReference": "NN212663",
    "category": "MUNRO"
  },
  {
    "name": "Binnein Mor South Top",
    "height": 1062,
    "gridReference": "NN211656",
    "category": "TOP"
  },
  {
    "name": "Binnein Mor - Sgor Eilde Beag",
    "height": 955.7,
    "gridReference": "NN219653",
    "category": "TOP"
  },
  {
    "name": "Na Gruagaichean",
    "height": 1054.2,
    "gridReference": "NN203652",
    "category": "MUNRO"
  },
  {
    "name": "Na Gruagaichean NW Top [North Top]",
    "height": 1038.8,
    "gridReference": "NN201654",
    "category": "TOP"
  },
  {
    "name": "An Gearanach",
    "height": 981.4,
    "gridReference": "NN187669",
    "category": "MUNRO"
  },
  {
    "name": "An Gearanach - An Garbhanach",
    "height": 974.9,
    "gridReference": "NN188665",
    "category": "TOP"
  },
  {
    "name": "Stob Coire a' Chairn",
    "height": 981.4,
    "gridReference": "NN185660",
    "category": "MUNRO"
  },
  {
    "name": "Am Bodach",
    "height": 1031.8,
    "gridReference": "NN176650",
    "category": "MUNRO"
  },
  {
    "name": "Sgurr a' Mhaim - Sgor an Iubhair",
    "height": 999.7,
    "gridReference": "NN165655",
    "category": "TOP"
  },
  {
    "name": "Sgurr a' Mhaim - Stob Choire a' Mhail",
    "height": 990,
    "gridReference": "NN163660",
    "category": "TOP"
  },
  {
    "name": "Sgurr a' Mhaim",
    "height": 1099,
    "gridReference": "NN164667",
    "category": "MUNRO"
  },
  {
    "name": "Stob Ban",
    "height": 999.7,
    "gridReference": "NN147654",
    "category": "MUNRO"
  },
  {
    "name": "Mullach nan Coirean",
    "height": 939.3,
    "gridReference": "NN122662",
    "category": "MUNRO"
  },
  {
    "name": "Mullach nan Coirean SE Top [South Top]",
    "height": 917.5,
    "gridReference": "NN131654",
    "category": "TOP"
  },
  {
    "name": "Stob Coire Sgriodain",
    "height": 979,
    "gridReference": "NN356743",
    "category": "MUNRO"
  },
  {
    "name": "Stob Coire Sgriodain South Top",
    "height": 958,
    "gridReference": "NN359738",
    "category": "TOP"
  },
  {
    "name": "Chno Dearg",
    "height": 1046,
    "gridReference": "NN377741",
    "category": "MUNRO"
  },
  {
    "name": "Chno Dearg - Meall Garbh (new position)",
    "height": 976,
    "gridReference": "NN371727",
    "category": "TOP"
  },
  {
    "name": "Beinn na Lap",
    "height": 935,
    "gridReference": "NN376695",
    "category": "MUNRO"
  },
  {
    "name": "Carn Dearg",
    "height": 941,
    "gridReference": "NN417661",
    "category": "MUNRO"
  },
  {
    "name": "Sgor Gaibhre",
    "height": 955,
    "gridReference": "NN444674",
    "category": "MUNRO"
  },
  {
    "name": "Sgor Gaibhre - Sgor Choinnich",
    "height": 929,
    "gridReference": "NN443683",
    "category": "TOP"
  },
  {
    "name": "Beinn Eibhinn",
    "height": 1103.2,
    "gridReference": "NN449733",
    "category": "MUNRO"
  },
  {
    "name": "Beinn Eibhinn - Meall Glas Choire",
    "height": 924,
    "gridReference": "NN436727",
    "category": "TOP"
  },
  {
    "name": "Beinn Eibhinn - Mullach Coire nan Nead",
    "height": 922,
    "gridReference": "NN430734",
    "category": "TOP"
  },
  {
    "name": "Aonach Beag",
    "height": 1115.8,
    "gridReference": "NN457741",
    "category": "MUNRO"
  },
  {
    "name": "Geal-Charn",
    "height": 1132,
    "gridReference": "NN469746",
    "category": "MUNRO"
  },
  {
    "name": "Geal-Charn - Sgor Iutharn",
    "height": 1028,
    "gridReference": "NN489743",
    "category": "TOP"
  },
  {
    "name": "Carn Dearg",
    "height": 1034,
    "gridReference": "NN504764",
    "category": "MUNRO"
  },
  {
    "name": "Carn Dearg - Diollaid a' Chairn",
    "height": 925,
    "gridReference": "NN487757",
    "category": "TOP"
  },
  {
    "name": "Beinn a' Chlachair",
    "height": 1087,
    "gridReference": "NN471781",
    "category": "MUNRO"
  },
  {
    "name": "Creag Pitridh",
    "height": 924,
    "gridReference": "NN487814",
    "category": "MUNRO"
  },
  {
    "name": "Geal Charn",
    "height": 1049,
    "gridReference": "NN504811",
    "category": "MUNRO"
  },
  {
    "name": "Ben Alder",
    "height": 1148,
    "gridReference": "NN496718",
    "category": "MUNRO"
  },
  {
    "name": "Beinn Bheoil",
    "height": 1019,
    "gridReference": "NN517717",
    "category": "MUNRO"
  },
  {
    "name": "Beinn Bheoil - Sron Coire na h-Iolaire",
    "height": 956,
    "gridReference": "NN513704",
    "category": "TOP"
  },
  {
    "name": "Beinn Udlamain",
    "height": 1010.2,
    "gridReference": "NN579739",
    "category": "MUNRO"
  },
  {
    "name": "Sgairneach Mhor",
    "height": 991,
    "gridReference": "NN598731",
    "category": "MUNRO"
  },
  {
    "name": "A' Mharconaich",
    "height": 973.2,
    "gridReference": "NN604762",
    "category": "MUNRO"
  },
  {
    "name": "Geal-charn",
    "height": 917.1,
    "gridReference": "NN596782",
    "category": "MUNRO"
  },
  {
    "name": "Meall Chuaich",
    "height": 951,
    "gridReference": "NN716878",
    "category": "MUNRO"
  },
  {
    "name": "Carn na Caim",
    "height": 940.8,
    "gridReference": "NN677821",
    "category": "MUNRO"
  },
  {
    "name": "Mullach Coire nan Cisteachan [Carn na Caim South Top]",
    "height": 914.6,
    "gridReference": "NN663806",
    "category": "TOP"
  },
  {
    "name": "A' Bhuidheanach Bheag",
    "height": 936,
    "gridReference": "NN660775",
    "category": "MUNRO"
  },
  {
    "name": "A' Bhuidheanach Bheag - Glas Mheall Mor",
    "height": 927.9,
    "gridReference": "NN680769",
    "category": "TOP"
  },
  {
    "name": "Beinn Dearg",
    "height": 1008.7,
    "gridReference": "NN852778",
    "category": "MUNRO"
  },
  {
    "name": "An Sgarsoch",
    "height": 1006.5,
    "gridReference": "NN933836",
    "category": "MUNRO"
  },
  {
    "name": "Carn an Fhidhleir [Carn Ealar]",
    "height": 994.1,
    "gridReference": "NN904841",
    "category": "MUNRO"
  },
  {
    "name": "Carn a' Chlamain",
    "height": 963.5,
    "gridReference": "NN915758",
    "category": "MUNRO"
  },
  {
    "name": "Beinn a' Ghlo - Carn nan Gabhar",
    "height": 1121.9,
    "gridReference": "NN971733",
    "category": "MUNRO"
  },
  {
    "name": "Beinn a' Ghlo - Airgiod Bheinn",
    "height": 1061.7,
    "gridReference": "NN961719",
    "category": "TOP"
  },
  {
    "name": "Beinn a' Ghlo - Braigh Coire Chruinn-bhalgain",
    "height": 1070,
    "gridReference": "NN945724",
    "category": "MUNRO"
  },
  {
    "name": "Beinn a' Ghlo - Carn Liath",
    "height": 976,
    "gridReference": "NN936698",
    "category": "MUNRO"
  },
  {
    "name": "Glas Tulaichean",
    "height": 1051,
    "gridReference": "NO051760",
    "category": "MUNRO"
  },
  {
    "name": "Carn an Righ",
    "height": 1029,
    "gridReference": "NO028772",
    "category": "MUNRO"
  },
  {
    "name": "Beinn Iutharn Mhor",
    "height": 1045,
    "gridReference": "NO045792",
    "category": "MUNRO"
  },
  {
    "name": "Beinn Iutharn Mhor - Mam nan Carn",
    "height": 986,
    "gridReference": "NO049779",
    "category": "TOP"
  },
  {
    "name": "Beinn Iutharn Mhor - Beinn Iutharn Bheag",
    "height": 953,
    "gridReference": "NO065791",
    "category": "TOP"
  },
  {
    "name": "Carn Bhac",
    "height": 945.1,
    "gridReference": "NO051832",
    "category": "MUNRO"
  },
  {
    "name": "Carn Bhac SW Top",
    "height": 918.1,
    "gridReference": "NO041827",
    "category": "TOP"
  },
  {
    "name": "An Socach",
    "height": 944,
    "gridReference": "NO079800",
    "category": "MUNRO"
  },
  {
    "name": "An Socach East Top",
    "height": 938,
    "gridReference": "NO098805",
    "category": "TOP"
  },
  {
    "name": "Carn a' Gheoidh",
    "height": 975,
    "gridReference": "NO107767",
    "category": "MUNRO"
  },
  {
    "name": "Carn a' Gheoidh - Carn Bhinnein",
    "height": 917,
    "gridReference": "NO091762",
    "category": "TOP"
  },
  {
    "name": "The Cairnwell",
    "height": 933,
    "gridReference": "NO134773",
    "category": "MUNRO"
  },
  {
    "name": "Carn Aosda",
    "height": 915.3,
    "gridReference": "NO133791",
    "category": "MUNRO"
  },
  {
    "name": "Lochnagar - Cac Carn Beag",
    "height": 1156,
    "gridReference": "NO243861",
    "category": "MUNRO"
  },
  {
    "name": "Lochnagar - Cuidhe Crom",
    "height": 1083,
    "gridReference": "NO259849",
    "category": "TOP"
  },
  {
    "name": "Lochnagar - Meikle Pap",
    "height": 980,
    "gridReference": "NO259860",
    "category": "TOP"
  },
  {
    "name": "Lochnagar - Meall Coire na Saobhaidhe",
    "height": 974,
    "gridReference": "NO242872",
    "category": "TOP"
  },
  {
    "name": "Lochnagar - Little Pap",
    "height": 956,
    "gridReference": "NO264844",
    "category": "TOP"
  },
  {
    "name": "Carn a' Choire Bhoidheach",
    "height": 1109.9,
    "gridReference": "NO226845",
    "category": "MUNRO"
  },
  {
    "name": "Carn a' Choire Bhoidheach - Creag a' Ghlas-uillt",
    "height": 1068,
    "gridReference": "NO242842",
    "category": "TOP"
  },
  {
    "name": "Carn a' Choire Bhoidheach - Top of Eagle's Rock",
    "height": 1051,
    "gridReference": "NO237838",
    "category": "TOP"
  },
  {
    "name": "Carn a' Choire Bhoidheach - Carn an t-Sagairt Beag",
    "height": 1044.4,
    "gridReference": "NO216848",
    "category": "TOP"
  },
  {
    "name": "Carn an t-Sagairt Mor",
    "height": 1047,
    "gridReference": "NO208842",
    "category": "MUNRO"
  },
  {
    "name": "Glas Maol",
    "height": 1068,
    "gridReference": "NO166765",
    "category": "MUNRO"
  },
  {
    "name": "Glas Maol - Little Glas Maol",
    "height": 973,
    "gridReference": "NO175759",
    "category": "TOP"
  },
  {
    "name": "Glas Maol - Meall Odhar",
    "height": 922,
    "gridReference": "NO155773",
    "category": "TOP"
  },
  {
    "name": "Creag Leacach",
    "height": 988.2,
    "gridReference": "NO154745",
    "category": "MUNRO"
  },
  {
    "name": "Creag Leacach SW Top",
    "height": 943.7,
    "gridReference": "NO149741",
    "category": "TOP"
  },
  {
    "name": "Cairn of Claise",
    "height": 1064,
    "gridReference": "NO185788",
    "category": "MUNRO"
  },
  {
    "name": "Cairn of Claise - Druim Mor",
    "height": 961,
    "gridReference": "NO189771",
    "category": "TOP"
  },
  {
    "name": "Carn an Tuirc",
    "height": 1019,
    "gridReference": "NO174804",
    "category": "MUNRO"
  },
  {
    "name": "Tom Buidhe",
    "height": 957,
    "gridReference": "NO213787",
    "category": "MUNRO"
  },
  {
    "name": "Tolmount",
    "height": 958,
    "gridReference": "NO210800",
    "category": "MUNRO"
  },
  {
    "name": "Tolmount - Crow Craigies",
    "height": 920,
    "gridReference": "NO222798",
    "category": "TOP"
  },
  {
    "name": "Cairn Bannoch",
    "height": 1012,
    "gridReference": "NO222825",
    "category": "MUNRO"
  },
  {
    "name": "Cairn Bannoch - Fafernie",
    "height": 1000,
    "gridReference": "NO215823",
    "category": "TOP"
  },
  {
    "name": "Cairn Bannoch - Cairn of Gowal",
    "height": 991,
    "gridReference": "NO226820",
    "category": "TOP"
  },
  {
    "name": "Cairn Bannoch - Craig of Gowal",
    "height": 927,
    "gridReference": "NO231809",
    "category": "TOP"
  },
  {
    "name": "Broad Cairn",
    "height": 998,
    "gridReference": "NO240815",
    "category": "MUNRO"
  },
  {
    "name": "Broad Cairn - Creag an Dubh-loch",
    "height": 983,
    "gridReference": "NO232823",
    "category": "TOP"
  },
  {
    "name": "Mayar",
    "height": 928,
    "gridReference": "NO240737",
    "category": "MUNRO"
  },
  {
    "name": "Driesh",
    "height": 947,
    "gridReference": "NO271735",
    "category": "MUNRO"
  },
  {
    "name": "Mount Keen",
    "height": 939,
    "gridReference": "NO409869",
    "category": "MUNRO"
  },
  {
    "name": "Mullach Clach a' Bhlair",
    "height": 1019,
    "gridReference": "NN882927",
    "category": "MUNRO"
  },
  {
    "name": "Sgor Gaoith",
    "height": 1118,
    "gridReference": "NN903989",
    "category": "MUNRO"
  },
  {
    "name": "Sgor Gaoith - Sgoran Dubh Mor",
    "height": 1111,
    "gridReference": "NH904002",
    "category": "TOP"
  },
  {
    "name": "Sgor Gaoith - Carn Ban Mor",
    "height": 1052,
    "gridReference": "NN893972",
    "category": "TOP"
  },
  {
    "name": "Sgor Gaoith - Meall Dubhag",
    "height": 998,
    "gridReference": "NN880955",
    "category": "TOP"
  },
  {
    "name": "Sgor Gaoith - Meall Buidhe",
    "height": 976,
    "gridReference": "NH891001",
    "category": "TOP"
  },
  {
    "name": "Sgor Gaoith - Geal-charn",
    "height": 920,
    "gridReference": "NH884014",
    "category": "TOP"
  },
  {
    "name": "Braeriach",
    "height": 1296,
    "gridReference": "NN953999",
    "category": "MUNRO"
  },
  {
    "name": "Braeriach - Carn na Criche",
    "height": 1265,
    "gridReference": "NN939982",
    "category": "TOP"
  },
  {
    "name": "Braeriach - Sron na Lairige",
    "height": 1184,
    "gridReference": "NH964006",
    "category": "TOP"
  },
  {
    "name": "Braeriach - Tom Dubh",
    "height": 918,
    "gridReference": "NN921952",
    "category": "TOP"
  },
  {
    "name": "Cairn Toul",
    "height": 1291,
    "gridReference": "NN963972",
    "category": "MUNRO"
  },
  {
    "name": "Sgor an Lochain Uaine",
    "height": 1258,
    "gridReference": "NN954976",
    "category": "MUNRO"
  },
  {
    "name": "Cairn Toul - Stob Coire an t-Saighdeir",
    "height": 1213,
    "gridReference": "NN962963",
    "category": "TOP"
  },
  {
    "name": "The Devil's Point",
    "height": 1004,
    "gridReference": "NN976951",
    "category": "MUNRO"
  },
  {
    "name": "Monadh Mor",
    "height": 1113,
    "gridReference": "NN938942",
    "category": "MUNRO"
  },
  {
    "name": "Beinn Bhrotain",
    "height": 1157,
    "gridReference": "NN954922",
    "category": "MUNRO"
  },
  {
    "name": "Beinn Bhrotain - Carn Cloich-mhuilinn",
    "height": 942,
    "gridReference": "NN968906",
    "category": "TOP"
  },
  {
    "name": "Carn a' Mhaim",
    "height": 1037,
    "gridReference": "NN994951",
    "category": "MUNRO"
  },
  {
    "name": "Ben Macdui [Beinn Macduibh]",
    "height": 1309,
    "gridReference": "NN988989",
    "category": "MUNRO"
  },
  {
    "name": "Ben Macdui - Carn Etchachan",
    "height": 1120,
    "gridReference": "NJ003009",
    "category": "TOP"
  },
  {
    "name": "Ben Macdui - Sron Riach",
    "height": 1113,
    "gridReference": "NN999977",
    "category": "TOP"
  },
  {
    "name": "Cairn Gorm",
    "height": 1244.8,
    "gridReference": "NJ005040",
    "category": "MUNRO"
  },
  {
    "name": "Cairn Gorm - Cairn Lochan",
    "height": 1216,
    "gridReference": "NH985025",
    "category": "TOP"
  },
  {
    "name": "Cairn Gorm - Stob Coire an t-Sneachda",
    "height": 1176,
    "gridReference": "NH996029",
    "category": "TOP"
  },
  {
    "name": "Cairn Gorm - Cnap Coire na Spreidhe",
    "height": 1150,
    "gridReference": "NJ013049",
    "category": "TOP"
  },
  {
    "name": "Cairn Gorm - Creag an Leth-choin [Lurcher's Crag]",
    "height": 1053,
    "gridReference": "NH968033",
    "category": "TOP"
  },
  {
    "name": "Bynack More",
    "height": 1090,
    "gridReference": "NJ041063",
    "category": "MUNRO"
  },
  {
    "name": "Bynack More - A' Choinneach",
    "height": 1017,
    "gridReference": "NJ032048",
    "category": "TOP"
  },
  {
    "name": "Bynack More - Bynack Beg",
    "height": 970,
    "gridReference": "NJ036068",
    "category": "TOP"
  },
  {
    "name": "Beinn Mheadhoin",
    "height": 1182.9,
    "gridReference": "NJ024016",
    "category": "MUNRO"
  },
  {
    "name": "Beinn Mheadhoin - Stob Coire Etchachan",
    "height": 1082,
    "gridReference": "NJ024005",
    "category": "TOP"
  },
  {
    "name": "Beinn Mheadhoin - Stacan Dubha",
    "height": 1014,
    "gridReference": "NJ012014",
    "category": "TOP"
  },
  {
    "name": "Derry Cairngorm",
    "height": 1155,
    "gridReference": "NO017980",
    "category": "MUNRO"
  },
  {
    "name": "Derry Cairngorm - Creagan a' Choire Etchachan",
    "height": 1108,
    "gridReference": "NO011996",
    "category": "TOP"
  },
  {
    "name": "Derry Cairngorm - Sgurr an Lochan Uaine",
    "height": 983,
    "gridReference": "NO025991",
    "category": "TOP"
  },
  {
    "name": "Beinn Bhreac",
    "height": 931,
    "gridReference": "NO058970",
    "category": "MUNRO"
  },
  {
    "name": "Beinn Bhreac West Top",
    "height": 927,
    "gridReference": "NO052972",
    "category": "TOP"
  },
  {
    "name": "Beinn a' Chaorainn",
    "height": 1083,
    "gridReference": "NJ045013",
    "category": "MUNRO"
  },
  {
    "name": "Beinn a' Chaorainn - Beinn a' Chaorainn Bheag",
    "height": 1017,
    "gridReference": "NJ057017",
    "category": "TOP"
  },
  {
    "name": "Ben Avon - Leabaidh an Daimh Bhuidhe",
    "height": 1171,
    "gridReference": "NJ131018",
    "category": "MUNRO"
  },
  {
    "name": "Ben Avon - West Meur Gorm Craig",
    "height": 1023,
    "gridReference": "NJ153036",
    "category": "TOP"
  },
  {
    "name": "Ben Avon - East Meur Gorm Craig",
    "height": 935,
    "gridReference": "NJ159042",
    "category": "TOP"
  },
  {
    "name": "Ben Avon - Carn Eas",
    "height": 1089,
    "gridReference": "NO122992",
    "category": "TOP"
  },
  {
    "name": "Ben Avon - Creag an Dail Mhor",
    "height": 972,
    "gridReference": "NO131982",
    "category": "TOP"
  },
  {
    "name": "Beinn a' Bhuird [Beinn a' Bhuird North Top]",
    "height": 1197,
    "gridReference": "NJ092006",
    "category": "MUNRO"
  },
  {
    "name": "Beinn a' Bhuird South Top",
    "height": 1179,
    "gridReference": "NO092986",
    "category": "TOP"
  },
  {
    "name": "Beinn a' Bhuird - Cnap a' Chleirich",
    "height": 1174,
    "gridReference": "NJ107010",
    "category": "TOP"
  },
  {
    "name": "Beinn a' Bhuird - Stob an t' Sluichd",
    "height": 1107,
    "gridReference": "NJ112027",
    "category": "TOP"
  },
  {
    "name": "Geal Charn",
    "height": 926,
    "gridReference": "NN561987",
    "category": "MUNRO"
  },
  {
    "name": "Carn Dearg",
    "height": 945.7,
    "gridReference": "NH635023",
    "category": "MUNRO"
  },
  {
    "name": "Carn Dearg - Carn Ban [Carn Mairg]",
    "height": 942.2,
    "gridReference": "NH631031",
    "category": "TOP"
  },
  {
    "name": "Carn Dearg SE Top",
    "height": 923.6,
    "gridReference": "NH637017",
    "category": "TOP"
  },
  {
    "name": "Carn Dearg - Carn Ballach (SW Top)",
    "height": 919.8,
    "gridReference": "NH643044",
    "category": "TOP"
  },
  {
    "name": "A' Chailleach",
    "height": 929.2,
    "gridReference": "NH681041",
    "category": "MUNRO"
  },
  {
    "name": "Carn Sgulain",
    "height": 920.3,
    "gridReference": "NH683058",
    "category": "MUNRO"
  },
  {
    "name": "Creag Meagaidh",
    "height": 1128,
    "gridReference": "NN418875",
    "category": "MUNRO"
  },
  {
    "name": "Creag Meagaidh - Puist Coire Ardair",
    "height": 1071,
    "gridReference": "NN437872",
    "category": "TOP"
  },
  {
    "name": "Creag Meagaidh - Meall Coire Choille-rais",
    "height": 1028,
    "gridReference": "NN432862",
    "category": "TOP"
  },
  {
    "name": "Creag Meagaidh - Sron a' Choire",
    "height": 1001,
    "gridReference": "NN448877",
    "category": "TOP"
  },
  {
    "name": "Creag Meagaidh - An Cearcallach",
    "height": 993,
    "gridReference": "NN422853",
    "category": "TOP"
  },
  {
    "name": "Stob Poite Coire Ardair",
    "height": 1054,
    "gridReference": "NN428888",
    "category": "MUNRO"
  },
  {
    "name": "Stob Poite Coire Ardair - Sron Coire a' Chriochairein",
    "height": 993,
    "gridReference": "NN447899",
    "category": "TOP"
  },
  {
    "name": "Carn Liath",
    "height": 1006,
    "gridReference": "NN472903",
    "category": "MUNRO"
  },
  {
    "name": "Carn Liath - Meall an-t-Snaim",
    "height": 970,
    "gridReference": "NN459904",
    "category": "TOP"
  },
  {
    "name": "Carn Liath - Stob Coire Dubh",
    "height": 916,
    "gridReference": "NN496916",
    "category": "TOP"
  },
  {
    "name": "Beinn a' Chaorainn",
    "height": 1052,
    "gridReference": "NN386850",
    "category": "MUNRO"
  },
  {
    "name": "Beinn a' Chaorainn South Top",
    "height": 1049,
    "gridReference": "NN386845",
    "category": "TOP"
  },
  {
    "name": "Beinn a' Chaorainn North Top",
    "height": 1043,
    "gridReference": "NN383857",
    "category": "TOP"
  },
  {
    "name": "Beinn Teallach",
    "height": 914.6,
    "gridReference": "NN361859",
    "category": "MUNRO"
  },
  {
    "name": "Gleouraich",
    "height": 1035,
    "gridReference": "NH039053",
    "category": "MUNRO"
  },
  {
    "name": "Gleouraich - Creag Coire na Fiar Bhealaich [Craig Coire na Fiar Bhealaich]",
    "height": 1006,
    "gridReference": "NH047051",
    "category": "TOP"
  },
  {
    "name": "Sgurr a' Mhaoraich",
    "height": 1027,
    "gridReference": "NG983065",
    "category": "MUNRO"
  },
  {
    "name": "Sgurr a' Mhaoraich - Sgurr a' Mhaoraich Beag",
    "height": 948,
    "gridReference": "NG977067",
    "category": "TOP"
  },
  {
    "name": "Spidean Mialach",
    "height": 996,
    "gridReference": "NH065043",
    "category": "MUNRO"
  },
  {
    "name": "The Saddle",
    "height": 1011.4,
    "gridReference": "NG936131",
    "category": "MUNRO"
  },
  {
    "name": "The Saddle - Sgurr na Forcan",
    "height": 964.6,
    "gridReference": "NG940130",
    "category": "TOP"
  },
  {
    "name": "The Saddle - Spidean Dhomhuill Bhric [1891: Sgurr na Creige]",
    "height": 939,
    "gridReference": "NG922129",
    "category": "TOP"
  },
  {
    "name": "The Saddle - Sgurr Leac nan Each",
    "height": 919,
    "gridReference": "NG917133",
    "category": "TOP"
  },
  {
    "name": "Sgurr na Sgine",
    "height": 946,
    "gridReference": "NG946113",
    "category": "MUNRO"
  },
  {
    "name": "Sgurr na Sgine NW Top",
    "height": 942,
    "gridReference": "NG943115",
    "category": "TOP"
  },
  {
    "name": "Creag a' Mhaim",
    "height": 946,
    "gridReference": "NH087077",
    "category": "MUNRO"
  },
  {
    "name": "Druim Shionnach",
    "height": 987,
    "gridReference": "NH074084",
    "category": "MUNRO"
  },
  {
    "name": "Druim Shionnach West Top",
    "height": 938,
    "gridReference": "NH062082",
    "category": "TOP"
  },
  {
    "name": "Aonach air Chrith",
    "height": 1019.5,
    "gridReference": "NH051083",
    "category": "MUNRO"
  },
  {
    "name": "Maol Chinn-dearg",
    "height": 980.3,
    "gridReference": "NH032087",
    "category": "MUNRO"
  },
  {
    "name": "Sgurr an Doire Leathain",
    "height": 1010,
    "gridReference": "NH015098",
    "category": "MUNRO"
  },
  {
    "name": "Sgurr an Lochain",
    "height": 1004,
    "gridReference": "NH005104",
    "category": "MUNRO"
  },
  {
    "name": "Creag nan Damh",
    "height": 918,
    "gridReference": "NG983112",
    "category": "MUNRO"
  },
  {
    "name": "Beinn Sgritheall",
    "height": 974,
    "gridReference": "NG835126",
    "category": "MUNRO"
  },
  {
    "name": "Beinn Sgritheall NW Top",
    "height": 928,
    "gridReference": "NG834131",
    "category": "TOP"
  },
  {
    "name": "Sgurr na Ciche",
    "height": 1040,
    "gridReference": "NM902966",
    "category": "MUNRO"
  },
  {
    "name": "Garbh Chioch Mhor",
    "height": 1013,
    "gridReference": "NM909961",
    "category": "MUNRO"
  },
  {
    "name": "Garbh Chioch Mhor - Garbh Chioch Bheag",
    "height": 968,
    "gridReference": "NM918959",
    "category": "TOP"
  },
  {
    "name": "Sgurr nan Coireachan",
    "height": 953,
    "gridReference": "NM933958",
    "category": "MUNRO"
  },
  {
    "name": "Sgurr Mor",
    "height": 1003,
    "gridReference": "NM965980",
    "category": "MUNRO"
  },
  {
    "name": "Gairich",
    "height": 919,
    "gridReference": "NN025995",
    "category": "MUNRO"
  },
  {
    "name": "Meall Buidhe",
    "height": 946,
    "gridReference": "NM848989",
    "category": "MUNRO"
  },
  {
    "name": "Meall Buidhe SE Top",
    "height": 942,
    "gridReference": "NM852987",
    "category": "TOP"
  },
  {
    "name": "Ladhar Bheinn",
    "height": 1020,
    "gridReference": "NG824039",
    "category": "MUNRO"
  },
  {
    "name": "Ladhar Bheinn - Stob a' Choire Odhair",
    "height": 960,
    "gridReference": "NG830043",
    "category": "TOP"
  },
  {
    "name": "Luinne Bheinn",
    "height": 939,
    "gridReference": "NG869007",
    "category": "MUNRO"
  },
  {
    "name": "Luinne Bheinn East Top",
    "height": 936,
    "gridReference": "NG872006",
    "category": "TOP"
  },
  {
    "name": "Sron a' Choire Ghairbh",
    "height": 937,
    "gridReference": "NN222945",
    "category": "MUNRO"
  },
  {
    "name": "Meall na Teanga",
    "height": 918,
    "gridReference": "NN220924",
    "category": "MUNRO"
  },
  {
    "name": "Gulvain [Gaor Bheinn]",
    "height": 987,
    "gridReference": "NN002875",
    "category": "MUNRO"
  },
  {
    "name": "Gulvain South Top",
    "height": 961,
    "gridReference": "NM996864",
    "category": "TOP"
  },
  {
    "name": "Sgurr Thuilm",
    "height": 963,
    "gridReference": "NM939879",
    "category": "MUNRO"
  },
  {
    "name": "Sgurr nan Coireachan",
    "height": 956,
    "gridReference": "NM902880",
    "category": "MUNRO"
  },
  {
    "name": "Sgurr Fhuaran",
    "height": 1068.7,
    "gridReference": "NG978166",
    "category": "MUNRO"
  },
  {
    "name": "Sgurr na Carnach",
    "height": 1002,
    "gridReference": "NG977158",
    "category": "MUNRO"
  },
  {
    "name": "Sgurr Fhuaran - Sgurr nan Saighead",
    "height": 929,
    "gridReference": "NG974177",
    "category": "TOP"
  },
  {
    "name": "Sgurr na Ciste Duibhe",
    "height": 1027,
    "gridReference": "NG984149",
    "category": "MUNRO"
  },
  {
    "name": "Sgurr na Ciste Duibhe - Sgurr nan Spainteach",
    "height": 990,
    "gridReference": "NG991150",
    "category": "TOP"
  },
  {
    "name": "Saileag",
    "height": 956,
    "gridReference": "NH017148",
    "category": "MUNRO"
  },
  {
    "name": "Sgurr a' Bhealaich Dheirg",
    "height": 1036,
    "gridReference": "NH035143",
    "category": "MUNRO"
  },
  {
    "name": "Aonach Meadhoin",
    "height": 1001,
    "gridReference": "NH048137",
    "category": "MUNRO"
  },
  {
    "name": "Aonach Meadhoin - Sgurr an Fhuarail",
    "height": 987,
    "gridReference": "NH054139",
    "category": "TOP"
  },
  {
    "name": "Ciste Dhubh",
    "height": 979,
    "gridReference": "NH062166",
    "category": "MUNRO"
  },
  {
    "name": "Beinn Fhada",
    "height": 1032,
    "gridReference": "NH018192",
    "category": "MUNRO"
  },
  {
    "name": "Beinn Fhada - Sgurr a' Dubh Doire",
    "height": 962,
    "gridReference": "NH034185",
    "category": "TOP"
  },
  {
    "name": "Beinn Fhada - Meall an Fhuarain Mhoir [Ceum na h-Aon Choise]",
    "height": 954,
    "gridReference": "NG999196",
    "category": "TOP"
  },
  {
    "name": "A' Ghlas-bheinn",
    "height": 918,
    "gridReference": "NH008231",
    "category": "MUNRO"
  },
  {
    "name": "Sgurr nan Ceathreamhnan [Sgurr nan Ceathramhnan]",
    "height": 1151,
    "gridReference": "NH057228",
    "category": "MUNRO"
  },
  {
    "name": "Sgurr nan Ceathreamhnan West Top",
    "height": 1143,
    "gridReference": "NH052228",
    "category": "TOP"
  },
  {
    "name": "Sgurr nan Ceathreamhnan - Stuc Bheag",
    "height": 1075,
    "gridReference": "NH053237",
    "category": "TOP"
  },
  {
    "name": "Sgurr nan Ceathreamhnan - Stuc Mor",
    "height": 1041,
    "gridReference": "NH053242",
    "category": "TOP"
  },
  {
    "name": "Sgurr nan Ceathreamhnan - Stob Fraoch Choire",
    "height": 918,
    "gridReference": "NH052253",
    "category": "TOP"
  },
  {
    "name": "Sgurr nan Ceathreamhnan - Stob Coire na Cloiche",
    "height": 915,
    "gridReference": "NH075227",
    "category": "TOP"
  },
  {
    "name": "Mullach na Dheiragain",
    "height": 982,
    "gridReference": "NH080259",
    "category": "MUNRO"
  },
  {
    "name": "Mullach na Dheiragain - Mullach Sithidh [Creag a' Choire Ard]",
    "height": 974,
    "gridReference": "NH082264",
    "category": "TOP"
  },
  {
    "name": "Mullach na Dheiragain - Carn na Con Dhu",
    "height": 967,
    "gridReference": "NH072241",
    "category": "TOP"
  },
  {
    "name": "An Socach",
    "height": 921,
    "gridReference": "NH088229",
    "category": "MUNRO"
  },
  {
    "name": "Mam Sodhail",
    "height": 1179.4,
    "gridReference": "NH120253",
    "category": "MUNRO"
  },
  {
    "name": "Mam Sodhail - An Tudair [1891: Saoiter Mor]",
    "height": 1074,
    "gridReference": "NH127239",
    "category": "TOP"
  },
  {
    "name": "Mam Sodhail - Creag Coire nan Each [Creag a' Chaoruinn]",
    "height": 1055,
    "gridReference": "NH113232",
    "category": "TOP"
  },
  {
    "name": "Mam Sodhail - Sgurr na Lapaich",
    "height": 1036,
    "gridReference": "NH154243",
    "category": "TOP"
  },
  {
    "name": "Mam Sodhail - Mullach Cadha Rainich",
    "height": 996,
    "gridReference": "NH139246",
    "category": "TOP"
  },
  {
    "name": "Carn Eige [Carn Eighe]",
    "height": 1182.8,
    "gridReference": "NH123261",
    "category": "MUNRO"
  },
  {
    "name": "Carn Eige - Stob a' Choire Dhomhain [1891: Creag na h-Eige]",
    "height": 1146.5,
    "gridReference": "NH131264",
    "category": "TOP"
  },
  {
    "name": "Carn Eige - Stob Coire Dhomhnuill",
    "height": 1139,
    "gridReference": "NH137262",
    "category": "TOP"
  },
  {
    "name": "Carn Eige - Sron Garbh",
    "height": 1131,
    "gridReference": "NH144263",
    "category": "TOP"
  },
  {
    "name": "Carn Eige - Stob Coire Lochan",
    "height": 916.9,
    "gridReference": "NH119271",
    "category": "TOP"
  },
  {
    "name": "Beinn Fhionnlaidh",
    "height": 1004.7,
    "gridReference": "NH115282",
    "category": "MUNRO"
  },
  {
    "name": "Tom a' Choinich",
    "height": 1112,
    "gridReference": "NH164273",
    "category": "MUNRO"
  },
  {
    "name": "Tom a' Choinich - An Leth-chreag",
    "height": 1051,
    "gridReference": "NH154269",
    "category": "TOP"
  },
  {
    "name": "Tom a' Choinich - Tom a' Choinich Beag",
    "height": 1032,
    "gridReference": "NH157272",
    "category": "TOP"
  },
  {
    "name": "Toll Creagach",
    "height": 1054,
    "gridReference": "NH194282",
    "category": "MUNRO"
  },
  {
    "name": "Toll Creagach West Top",
    "height": 951,
    "gridReference": "NH177275",
    "category": "TOP"
  },
  {
    "name": "Mullach Fraoch-choire",
    "height": 1102,
    "gridReference": "NH094171",
    "category": "MUNRO"
  },
  {
    "name": "A' Chraileag [A' Chralaig]",
    "height": 1120,
    "gridReference": "NH094147",
    "category": "MUNRO"
  },
  {
    "name": "A' Chralaig - Stob Coire na Craileig [Stob Coire na Cralaig] [Mullach Fraoch-choire S Top]",
    "height": 1008,
    "gridReference": "NH091163",
    "category": "TOP"
  },
  {
    "name": "A' Chralaig - A' Chioch",
    "height": 947,
    "gridReference": "NH108152",
    "category": "TOP"
  },
  {
    "name": "Sail Chaorainn [Sail Chaoruinn]",
    "height": 1002,
    "gridReference": "NH133154",
    "category": "MUNRO"
  },
  {
    "name": "Sail Chaorainn - Carn na Coire Mheadhoin (Centre Top)",
    "height": 1001,
    "gridReference": "NH134158",
    "category": "TOP"
  },
  {
    "name": "Sail Chaorainn - Tigh Mor na Seilge (NNE Top)",
    "height": 929,
    "gridReference": "NH140166",
    "category": "TOP"
  },
  {
    "name": "Sgurr nan Conbhairean",
    "height": 1109,
    "gridReference": "NH129138",
    "category": "MUNRO"
  },
  {
    "name": "Sgurr nan Conbhairean - Drochaid an Tuill Easaich",
    "height": 1001,
    "gridReference": "NH120134",
    "category": "TOP"
  },
  {
    "name": "Sgurr nan Conbhairean - Creag a' Chaorainn",
    "height": 998,
    "gridReference": "NH137131",
    "category": "TOP"
  },
  {
    "name": "Carn Ghluasaid",
    "height": 957,
    "gridReference": "NH145125",
    "category": "MUNRO"
  },
  {
    "name": "Sgurr na Ruaidhe",
    "height": 993,
    "gridReference": "NH289426",
    "category": "MUNRO"
  },
  {
    "name": "Carn nan Gobhar",
    "height": 992,
    "gridReference": "NH273438",
    "category": "MUNRO"
  },
  {
    "name": "Sgurr a' Choire Ghlais",
    "height": 1083,
    "gridReference": "NH258430",
    "category": "MUNRO"
  },
  {
    "name": "Sgurr Fhuar-thuill",
    "height": 1049,
    "gridReference": "NH235437",
    "category": "MUNRO"
  },
  {
    "name": "Sgurr Fhuar-thuill - Creag Ghorm a' Bhealaich",
    "height": 1030,
    "gridReference": "NH244435",
    "category": "TOP"
  },
  {
    "name": "Sgurr Fhuar-thuill - Sgurr na Fearstaig",
    "height": 1015,
    "gridReference": "NH228437",
    "category": "TOP"
  },
  {
    "name": "Moruisg",
    "height": 928,
    "gridReference": "NH101499",
    "category": "MUNRO"
  },
  {
    "name": "Maoile Lunndaidh",
    "height": 1004.9,
    "gridReference": "NH135458",
    "category": "MUNRO"
  },
  {
    "name": "Maoile Lunndaidh - Carn nam Fiaclan",
    "height": 993,
    "gridReference": "NH123455",
    "category": "TOP"
  },
  {
    "name": "Sgurr a' Chaorachain",
    "height": 1053,
    "gridReference": "NH087447",
    "category": "MUNRO"
  },
  {
    "name": "Sgurr a' Chaorachain - Bidean an Eoin Deirg",
    "height": 1046.5,
    "gridReference": "NH103443",
    "category": "TOP"
  },
  {
    "name": "Sgurr Choinnich",
    "height": 999.2,
    "gridReference": "NH076446",
    "category": "MUNRO"
  },
  {
    "name": "Bidein a' Choire Sheasgaich",
    "height": 945,
    "gridReference": "NH049412",
    "category": "MUNRO"
  },
  {
    "name": "Lurg Mhor",
    "height": 987,
    "gridReference": "NH064404",
    "category": "MUNRO"
  },
  {
    "name": "Lurg Mhor - Meall Mor",
    "height": 974,
    "gridReference": "NH072405",
    "category": "TOP"
  },
  {
    "name": "Carn nan Gobhar",
    "height": 993,
    "gridReference": "NH181343",
    "category": "MUNRO"
  },
  {
    "name": "Carn nan Gobhar - Creag Dubh",
    "height": 947,
    "gridReference": "NH199350",
    "category": "TOP"
  },
  {
    "name": "Sgurr na Lapaich",
    "height": 1151,
    "gridReference": "NH161351",
    "category": "MUNRO"
  },
  {
    "name": "Sgurr na Lapaich - Sgurr nan Clachan Geala",
    "height": 1093,
    "gridReference": "NH161342",
    "category": "TOP"
  },
  {
    "name": "An Riabhachan",
    "height": 1129,
    "gridReference": "NH133344",
    "category": "MUNRO"
  },
  {
    "name": "An Riabhachan SW Top",
    "height": 1086,
    "gridReference": "NH122336",
    "category": "TOP"
  },
  {
    "name": "An Riabhachan West Top",
    "height": 1038,
    "gridReference": "NH117337",
    "category": "TOP"
  },
  {
    "name": "An Socach",
    "height": 1069,
    "gridReference": "NH100332",
    "category": "MUNRO"
  },
  {
    "name": "Beinn Alligin - Sgurr Mhor",
    "height": 986,
    "gridReference": "NG865612",
    "category": "MUNRO"
  },
  {
    "name": "Beinn Alligin - Tom na Gruagaich",
    "height": 922,
    "gridReference": "NG859601",
    "category": "MUNRO"
  },
  {
    "name": "Liathach - Spidean a' Choire Leith",
    "height": 1055,
    "gridReference": "NG929579",
    "category": "MUNRO"
  },
  {
    "name": "Liathach - Mullach an Rathain",
    "height": 1023,
    "gridReference": "NG911576",
    "category": "MUNRO"
  },
  {
    "name": "Spidean a' Choire Leith (Liathach) - Stob a' Coire Liath Mhor [1933: Bidean Toll a' Mhuic]",
    "height": 983,
    "gridReference": "NG932581",
    "category": "TOP"
  },
  {
    "name": "Mullach an Rathain (Liathach) - Northern Pinnacles [Meall Dearg]",
    "height": 955,
    "gridReference": "NG913579",
    "category": "TOP"
  },
  {
    "name": "Mullach an Rathain (Liathach) - Am Fasarinen",
    "height": 930,
    "gridReference": "NG923574",
    "category": "TOP"
  },
  {
    "name": "Spidean a' Choire Leith (Liathach) - Stuc a' Choire Dhuibh Bhig",
    "height": 915,
    "gridReference": "NG942582",
    "category": "TOP"
  },
  {
    "name": "Beinn Eighe - Ruadh-stac Mor",
    "height": 1010,
    "gridReference": "NG951611",
    "category": "MUNRO"
  },
  {
    "name": "Beinn Eighe - Spidean Coire nan Clach",
    "height": 993,
    "gridReference": "NG966597",
    "category": "MUNRO"
  },
  {
    "name": "Spidean Coire nan Clach (Beinn Eighe) - Sail Mhor",
    "height": 980,
    "gridReference": "NG938605",
    "category": "TOP"
  },
  {
    "name": "Spidean Coire nan Clach (Beinn Eighe) - Coinneach Mhor",
    "height": 976,
    "gridReference": "NG944600",
    "category": "TOP"
  },
  {
    "name": "Spidean Coire nan Clach (Beinn Eighe) - Sgurr Ban",
    "height": 970,
    "gridReference": "NG974600",
    "category": "TOP"
  },
  {
    "name": "Spidean Coire nan Clach (Beinn Eighe) - Sgurr nan Fhir Duibhe",
    "height": 963,
    "gridReference": "NG981600",
    "category": "TOP"
  },
  {
    "name": "Sgorr Ruadh",
    "height": 960.7,
    "gridReference": "NG959505",
    "category": "MUNRO"
  },
  {
    "name": "Maol Chean-dearg",
    "height": 933,
    "gridReference": "NG924499",
    "category": "MUNRO"
  },
  {
    "name": "Beinn Liath Mhor",
    "height": 926,
    "gridReference": "NG964519",
    "category": "MUNRO"
  },
  {
    "name": "Slioch",
    "height": 981,
    "gridReference": "NH004690",
    "category": "MUNRO"
  },
  {
    "name": "Slioch - Sgurr an Tuill Bhain",
    "height": 934,
    "gridReference": "NH018688",
    "category": "TOP"
  },
  {
    "name": "Ruadh Stac Mor",
    "height": 918.7,
    "gridReference": "NH018756",
    "category": "MUNRO"
  },
  {
    "name": "A' Mhaighdean",
    "height": 967,
    "gridReference": "NH007749",
    "category": "MUNRO"
  },
  {
    "name": "Beinn Tarsuinn",
    "height": 937,
    "gridReference": "NH039727",
    "category": "MUNRO"
  },
  {
    "name": "Mullach Coire Mhic Fhearchair",
    "height": 1015.2,
    "gridReference": "NH052735",
    "category": "MUNRO"
  },
  {
    "name": "Mullach Coire Mhic Fhearchair East Top",
    "height": 977.8,
    "gridReference": "NH056733",
    "category": "TOP"
  },
  {
    "name": "Mullach Coire Mhic Fhearchair - Sgurr Dubh",
    "height": 915.3,
    "gridReference": "NH060729",
    "category": "TOP"
  },
  {
    "name": "Sgurr Ban",
    "height": 989,
    "gridReference": "NH055745",
    "category": "MUNRO"
  },
  {
    "name": "An Teallach - Bidein a' Ghlas Thuill",
    "height": 1062.5,
    "gridReference": "NH068843",
    "category": "MUNRO"
  },
  {
    "name": "Bidean a' Ghlas Thuill (An Teallach) - Glas Mheall Mor",
    "height": 979,
    "gridReference": "NH076853",
    "category": "TOP"
  },
  {
    "name": "Bidean a' Ghlas Thuill (An Teallach) - Glas Mheall Liath",
    "height": 960.4,
    "gridReference": "NH077841",
    "category": "TOP"
  },
  {
    "name": "An Teallach - Sgurr Fiona",
    "height": 1058.6,
    "gridReference": "NH064836",
    "category": "MUNRO"
  },
  {
    "name": "Sgurr Fiona (An Teallach) - Sgurr Creag an Eich",
    "height": 1016.4,
    "gridReference": "NH055838",
    "category": "TOP"
  },
  {
    "name": "Sgurr Fiona (An Teallach) - Lord Berkeley's Seat",
    "height": 1032,
    "gridReference": "NH064835",
    "category": "TOP"
  },
  {
    "name": "Sgurr Fiona (An Teallach) - Corrag Bhuidhe",
    "height": 1049,
    "gridReference": "NH064834",
    "category": "TOP"
  },
  {
    "name": "Sgurr Fiona (An Teallach) - Stob Cadha Gobhlach",
    "height": 960,
    "gridReference": "NH068825",
    "category": "TOP"
  },
  {
    "name": "Sgurr Fiona (An Teallach) - Sail Liath",
    "height": 954,
    "gridReference": "NH071824",
    "category": "TOP"
  },
  {
    "name": "A' Chailleach",
    "height": 997,
    "gridReference": "NH136714",
    "category": "MUNRO"
  },
  {
    "name": "A' Chailleach - Toman Coinich [Toman Coinnich]",
    "height": 935,
    "gridReference": "NH148713",
    "category": "TOP"
  },
  {
    "name": "Sgurr Breac",
    "height": 999,
    "gridReference": "NH158711",
    "category": "MUNRO"
  },
  {
    "name": "Meall a' Chrasgaidh",
    "height": 934,
    "gridReference": "NH184733",
    "category": "MUNRO"
  },
  {
    "name": "Sgurr nan Clach Geala",
    "height": 1093,
    "gridReference": "NH184714",
    "category": "MUNRO"
  },
  {
    "name": "Sgurr nan Each",
    "height": 923,
    "gridReference": "NH184697",
    "category": "MUNRO"
  },
  {
    "name": "Sgurr Mor",
    "height": 1108,
    "gridReference": "NH203718",
    "category": "MUNRO"
  },
  {
    "name": "Sgurr Mor - Meall nam Peithirean",
    "height": 974.2,
    "gridReference": "NH207708",
    "category": "TOP"
  },
  {
    "name": "Sgurr Mor - Carn na Criche",
    "height": 961,
    "gridReference": "NH196725",
    "category": "TOP"
  },
  {
    "name": "Beinn Liath Mhor Fannaich",
    "height": 954,
    "gridReference": "NH219724",
    "category": "MUNRO"
  },
  {
    "name": "Meall Gorm",
    "height": 949,
    "gridReference": "NH221695",
    "category": "MUNRO"
  },
  {
    "name": "Meall Gorm SE Top",
    "height": 922,
    "gridReference": "NH232691",
    "category": "TOP"
  },
  {
    "name": "An Coileachan",
    "height": 923.9,
    "gridReference": "NH241680",
    "category": "MUNRO"
  },
  {
    "name": "Fionn Bheinn",
    "height": 933,
    "gridReference": "NH147621",
    "category": "MUNRO"
  },
  {
    "name": "Am Faochagach",
    "height": 953,
    "gridReference": "NH303793",
    "category": "MUNRO"
  },
  {
    "name": "Cona' Mheall",
    "height": 978,
    "gridReference": "NH275816",
    "category": "MUNRO"
  },
  {
    "name": "Beinn Dearg",
    "height": 1084,
    "gridReference": "NH259811",
    "category": "MUNRO"
  },
  {
    "name": "Meall nan Ceapraichean",
    "height": 977,
    "gridReference": "NH257825",
    "category": "MUNRO"
  },
  {
    "name": "Meall nan Ceapraichean - Ceann Garbh",
    "height": 968,
    "gridReference": "NH259830",
    "category": "TOP"
  },
  {
    "name": "Eididh nan Clach Geala",
    "height": 927,
    "gridReference": "NH257842",
    "category": "MUNRO"
  },
  {
    "name": "Seana Bhraigh",
    "height": 926,
    "gridReference": "NH281878",
    "category": "MUNRO"
  },
  {
    "name": "Ben Wyvis - Glas Leathad Mor",
    "height": 1046,
    "gridReference": "NH462683",
    "category": "MUNRO"
  },
  {
    "name": "Glas Leathad Mor (Ben Wyvis) - Tom a' Choinnich",
    "height": 954,
    "gridReference": "NH463700",
    "category": "TOP"
  },
  {
    "name": "Glas Leathad Mor (Ben Wyvis) - An Cabar",
    "height": 946,
    "gridReference": "NH450665",
    "category": "TOP"
  },
  {
    "name": "Glas Leathad Mor (Ben Wyvis) - Glas Leathad Beag [1891: Top of Coire Lochain]",
    "height": 928,
    "gridReference": "NH492706",
    "category": "TOP"
  },
  {
    "name": "Ben Hope",
    "height": 927,
    "gridReference": "NC477501",
    "category": "MUNRO"
  },
  {
    "name": "Ben Klibreck - Meall nan Con",
    "height": 962.1,
    "gridReference": "NC585299",
    "category": "MUNRO"
  },
  {
    "name": "Ben More Assynt",
    "height": 998,
    "gridReference": "NC318201",
    "category": "MUNRO"
  },
  {
    "name": "Ben More Assynt South Top",
    "height": 960,
    "gridReference": "NC324192",
    "category": "TOP"
  },
  {
    "name": "Conival",
    "height": 987,
    "gridReference": "NC303199",
    "category": "MUNRO"
  },
  {
    "name": "Sgurr nan Gillean",
    "height": 964,
    "gridReference": "NG471253",
    "category": "MUNRO"
  },
  {
    "name": "Am Basteir",
    "height": 934,
    "gridReference": "NG465253",
    "category": "MUNRO"
  },
  {
    "name": "Am Basteir - Bhasteir Tooth [Basteir Tooth]",
    "height": 917.16,
    "gridReference": "NG465252",
    "category": "TOP"
  },
  {
    "name": "Bruach na Frithe",
    "height": 958,
    "gridReference": "NG460252",
    "category": "MUNRO"
  },
  {
    "name": "Bruach na Frithe - Sgurr a' Fionn Choire",
    "height": 936,
    "gridReference": "NG464252",
    "category": "TOP"
  },
  {
    "name": "Sgurr a' Mhadaidh",
    "height": 918,
    "gridReference": "NG446235",
    "category": "MUNRO"
  },
  {
    "name": "Sgurr a' Ghreadaidh",
    "height": 973,
    "gridReference": "NG445231",
    "category": "MUNRO"
  },
  {
    "name": "Sgurr a' Ghreadaidh South Top",
    "height": 970,
    "gridReference": "NG445230",
    "category": "TOP"
  },
  {
    "name": "Sgurr na Banachdich",
    "height": 965,
    "gridReference": "NG440224",
    "category": "MUNRO"
  },
  {
    "name": "Sgurr na Banachdich Central Top",
    "height": 942,
    "gridReference": "NG441222",
    "category": "TOP"
  },
  {
    "name": "Sgurr na Banachdich - Sgurr Thormaid",
    "height": 926,
    "gridReference": "NG441226",
    "category": "TOP"
  },
  {
    "name": "Sgurr Dearg - Inaccessible Pinnacle",
    "height": 986,
    "gridReference": "NG444215",
    "category": "MUNRO"
  },
  {
    "name": "Sgurr Mhic Choinnich",
    "height": 948,
    "gridReference": "NG450210",
    "category": "MUNRO"
  },
  {
    "name": "Sgurr Alasdair",
    "height": 992,
    "gridReference": "NG450207",
    "category": "MUNRO"
  },
  {
    "name": "Sgurr Alasdair - Sgurr Thearlaich",
    "height": 978,
    "gridReference": "NG450207",
    "category": "TOP"
  },
  {
    "name": "Sgurr Alasdair - Sgurr Sgumain",
    "height": 947,
    "gridReference": "NG448206",
    "category": "TOP"
  },
  {
    "name": "Sgurr Dubh Mor",
    "height": 944,
    "gridReference": "NG457205",
    "category": "MUNRO"
  },
  {
    "name": "Sgurr Dubh Mor - Sgurr Dubh an Da Bheinn [Sgurr Dubh na Da Bheinn]",
    "height": 938,
    "gridReference": "NG455204",
    "category": "TOP"
  },
  {
    "name": "Sgurr nan Eag",
    "height": 926.2,
    "gridReference": "NG457195",
    "category": "MUNRO"
  },
  {
    "name": "Bla Bheinn [Blaven] [Blabheinn]",
    "height": 929,
    "gridReference": "NG529217",
    "category": "MUNRO"
  },
  {
    "name": "Bla Bheinn SW Top",
    "height": 926.5,
    "gridReference": "NG528215",
    "category": "TOP"
  },
  {
    "name": "Ben More",
    "height": 966,
    "gridReference": "NM525330",
    "category": "MUNRO"
  }
]